{
  "AAPL": {
    "intrinsic": 246.87831677579769,
    "gap_vs_current": -0.03559390298137553,
    "gap_vs_target_mean": -0.15831223550631376,
    "terminal_growth": 0.04074801828196414,
    "capex_yearN": 0.02859230076835775
  },
  "MSFT": {
    "intrinsic": 351.7139763024775,
    "gap_vs_current": -0.13997951803971662,
    "gap_vs_target_mean": -0.40987159134482054,
    "terminal_growth": 0.013999999999999999,
    "capex_yearN": 0.07999999999999999
  },
  "GOOG": {
    "intrinsic": 410.74961350805603,
    "gap_vs_current": 0.37696819814970167,
    "gap_vs_target_mean": 0.14246454019828478,
    "terminal_growth": 0.013999999999999999,
    "capex_yearN": 0.11131892686928113
  },
  "NVDA": {
    "intrinsic": 245.36473518776742,
    "gap_vs_current": 0.33830443540835287,
    "gap_vs_target_mean": -0.0747342262019703,
    "terminal_growth": 0.013999999999999999,
    "capex_yearN": 0.04
  }
}
