{
  "AAPL": {
    "intrinsic": 246.87831677579769,
    "gap_vs_current": -0.03559390298137553,
    "gap_vs_target_mean": -0.15831223550631376,
    "terminal_growth": 0.04074801828196414
  },
  "MSFT": {
    "intrinsic": 314.11297240967224,
    "gap_vs_current": -0.23192250486680296,
    "gap_vs_target_mean": -0.4729609824016469,
    "terminal_growth": 0.013999999999999999
  },
  "GOOG": {
    "intrinsic": 410.74961350805603,
    "gap_vs_current": 0.37696819814970167,
    "gap_vs_target_mean": 0.14246454019828478,
    "terminal_growth": 0.013999999999999999
  }
}
